residue,C,H,B,E,G,I,T,S
1,0.0003205004881497731,0.0007002078251593431,0.000766049369125078,0.0006078579968929864,0.0005314366163610292,0.00041144033188275186,0.0009243226696034825,0.9957381847028256
2,0.0007124087833917823,0.012310102240921408,0.0012662934085781068,0.00685424976747614,0.004163071459406553,0.0007405120448287597,0.009062973954076556,0.9648903883413207
3,0.0030681449822911825,0.018537622727727,0.003317830323807748,0.020407125288568424,0.004327149062005106,0.3825853736920194,0.21671511094295456,0.35104164298062673
4,0.0029176164669974156,0.01946048792289348,0.0031571060314929808,0.02730985048545036,0.006380643792797777,0.4252328990587778,0.22646036992985122,0.2890810263117389
5,0.0031890175163373073,0.010974239777430516,0.0029319877970176234,0.25181801688253014,0.26479759325399055,0.10920163333084168,0.018916852606289235,0.33817065883556274
6,0.0028259029666843805,0.004924550387618009,0.0031608159059517806,0.2564640790789917,0.11672395411630494,0.07349406145705391,0.011089417270016472,0.5313172188173788
7,0.003669433452338683,0.17398508792480905,0.003457121380856303,0.015267734972290854,0.008390590658189038,0.159685973287402,0.42249924705595454,0.21304481126815958
8,0.0030956398000687086,0.20660071093901186,0.0028556951527256252,0.002149791973919622,0.0028975580002310536,0.13786496639243848,0.47212092111896636,0.17241471662263824
9,0.0034546523933566865,0.1856758537851503,0.0034856822574353846,0.0031979485245224436,0.014471125777879413,0.23019474389031427,0.3506582435574802,0.20886174981386124
10,0.002871952742995456,0.003573894595571052,0.0029695794816391586,0.2513123934963039,0.11528004561677258,0.09010532031504646,0.008367265828490702,0.5255195479231808
11,0.002573918459603658,0.002905736284993743,0.0025903882118713207,0.24150964379494075,0.23280348631120582,0.04470338632360644,0.0049716002874893575,0.4679418403262889
12,0.0015350652767000667,0.0017905037125179025,0.0017515553567084882,0.027009683946105013,0.0058844678664743905,0.08810221240470319,0.0047606500071724275,0.8691658614296185
13,0.0013428775102981973,0.0022720598576524056,0.0016374811441474944,0.019330435661998654,0.01616701766482227,0.0800232447019587,0.005716386033828369,0.873510497425294
14,0.001516522760989272,0.002005513550587807,0.0018340583049844398,0.007813753541833625,0.018380468900552643,0.10798428810497893,0.004265912850950862,0.8561994819851223
15,0.001269266986166403,0.0019911012411553495,0.001632213249430731,0.0070995150717779116,0.018748819509969605,0.08213888967424378,0.0061428902639369155,0.8809773040033193
16,0.0020043271159791223,0.003104846867160544,0.002323977286831411,0.013297926485885932,0.006434395574963779,0.22254174287081369,0.01634227515251834,0.7339505086458472
17,0.0019352251869553378,0.005020757030436464,0.0025046427984657927,0.011274210584404027,0.017564793411740786,0.3845773423847852,0.012355465604014307,0.5647675629991982
18,0.0021787511819421033,0.011805818331706335,0.0027447132999516817,0.002472928604429032,0.0029619767928597963,0.25833002397896926,0.3027135155324274,0.4167922722777143
19,0.0020550936950308667,0.009238532873476828,0.002514579508959094,0.0021133035253253114,0.0022152564398118762,0.26013168942201564,0.29863489961734513,0.4230966449180353
20,0.0021510201854435538,0.007042716211079156,0.0025202981607668285,0.007166726450401283,0.012042350299147167,0.23479896733598787,0.017467493115906063,0.7168104282412681
21,0.0016605720425924336,0.003130651669659219,0.0017634378221819615,0.009949462689018236,0.008188201677867447,0.09513739364978814,0.006406804174440883,0.8737634762744516
22,0.0016695300986813602,0.0034553760304773993,0.0018790131242312036,0.009092734708426514,0.011112994137427334,0.10682888204368106,0.008141147145340498,0.8578203227117346
23,0.0017087171556636272,0.007471600249266816,0.0019102501793629711,0.0032007846663353874,0.024182299750698816,0.09428346197588461,0.013504568206880974,0.8537383178159068
24,0.001684415810234147,0.009642781739011704,0.0018786110341529516,0.0020281962814126518,0.005199987505516899,0.09986581619117259,0.016434820155803147,0.8632653712826959
25,0.0015993947485507302,0.005885531414109609,0.0018880546259264432,0.0021412881860347938,0.0025213107728813216,0.10212074154490637,0.012999400128672168,0.8708442785789186
26,0.0015161276547260366,0.003289043031939634,0.0017681128922125118,0.0016190256339521257,0.002340813647697779,0.08939258281934892,0.012923306363717437,0.8871509879564056
27,0.0015939382179791372,0.003370567365964433,0.0016413463615088802,0.0016329270178544462,0.009023921376121317,0.0686146774491197,0.010461625660774711,0.9036609965506774
28,0.001876477106136959,0.0027300044289221975,0.0018504425356500737,0.001460915274410886,0.0016908900460351358,0.3113892287908611,0.01907491539043845,0.6599271264275451
29,0.0020775402810713833,0.00348861106095034,0.001986834127519696,0.0017562564162620716,0.002385786588976283,0.2583114925617027,0.012912295130383087,0.7170811838331344
30,0.003683825438324237,0.003425642193373468,0.0019117887298921883,0.0015446194651694046,0.002243531610045565,0.26271486527922183,0.011726729438681317,0.712748997845292
31,0.003788885323579499,0.003318364311886501,0.0019384130306728357,0.0016114550992594272,0.0022095132333822846,0.19747990956768008,0.008678637852592656,0.7809748215809467
32,0.002916378837653793,0.0035086837873614615,0.0019763498283562175,0.0018036515157359918,0.0020182933007343033,0.18641166635983386,0.040020075345812665,0.7613449010245118
33,0.002855592087977097,0.0033207552919684103,0.001927977923262258,0.0016792075141658053,0.0019640681517264125,0.16596059769967034,0.03437165654476477,0.7879201447864649
34,0.0011852634321028223,0.0021630702851533753,0.001301751876407386,0.0011290580790352196,0.0035982253753610066,0.025264204829346958,0.003213657762335916,0.9621447683602573
35,0.0010408525654857924,0.0014844719203636063,0.001322729204932574,0.0010209315028034667,0.002224049702971904,0.2887354766807737,0.003108891003515582,0.7010625974191533
36,0.0014254039736158995,0.0017158521466277264,0.0015380485935716434,0.031004719958254053,0.19893448188385288,0.06214193280396861,0.002687578558470248,0.7005519820816389
37,0.001971991668225905,0.0021718017425434726,0.001980623984478813,0.02369595677005622,0.022917062862547886,0.1248988389855284,0.04616763531977869,0.7761960886668405
38,0.0014322513757460984,0.0016648703418698455,0.0016564793553214322,0.0017442052142636793,0.0016835334424675941,0.15591815734731912,0.05871666318428587,0.7771838397387264
39,0.0013546705475005845,0.0020206876294418074,0.0017668567869067102,0.0012904830494057423,0.002009550570557215,0.052292734018826295,0.08315764917155473,0.8561073682258068
40,0.001263670732691628,0.0016728288363384168,0.0016072721292315626,0.0013207042895958046,0.0014688821001159142,0.11763157253323074,0.08492502361097679,0.7901100457678191
41,0.0012647142830483989,0.0017263425046039965,0.0013656242458409378,0.001109054626448551,0.001971463147338792,0.05190175845143844,0.006401475622589746,0.9342595671186912
42,0.0011521391187443,0.0022713368446348452,0.0013104098329272857,0.0010325511125328472,0.0021360346585502805,0.05572393810095507,0.006109123434205091,0.9302644668974502
43,0.000963313695471703,0.0021825104689139267,0.001132371106511568,0.0012755990361596223,0.008885644992028497,0.032061953447262516,0.0058296597599272445,0.947668947493725
44,0.0009273567878320652,0.0012857707459659052,0.0011086137547357306,0.0008392983296581684,0.0012094746474053588,0.035147052010430765,0.0052567486448608786,0.954225685079111
45,0.0006894634556080826,0.0010663152195482016,0.0009011551577180568,0.0005304415656304459,0.0007632474174747089,0.0006376354173864662,0.002627218920100145,0.9927845228465338
46,0.0006436836189862679,0.0006884194171741383,0.0008300676122226038,0.00042645346976533495,0.0007262792194225328,0.0007427246023854479,0.0010114229324969094,0.9949309491275469
